idx,p,r,f1
0,1.0,0.8788,0.9355
1,0.931,0.7714,0.8438
2,0.871,0.8438,0.8571
3,0.775,0.9688,0.8611
4,0.9,0.8438,0.871
5,0.8378,0.9118,0.8732
6,0.8684,0.9706,0.9167
7,0.9167,0.9706,0.9429
8,0.9655,0.8485,0.9032
9,0.7436,0.9062,0.8169
10,0.9677,0.9091,0.9375
11,0.5532,0.7879,0.65
12,0.4667,0.4375,0.4516
13,0.697,0.697,0.697
14,0.9355,0.8788,0.9062
15,0.9143,0.9412,0.9275
16,0.9688,0.9688,0.9688
17,0.9394,0.9118,0.9254
18,0.9667,0.8529,0.9062
19,0.7879,0.7879,0.7879
20,0.8421,0.9412,0.8889
21,1.0,0.6562,0.7925
22,0.9706,1.0,0.9851
23,0.875,0.875,0.875
24,0.9667,0.9062,0.9355
25,0.8438,0.871,0.8571
26,0.9677,0.9375,0.9524
27,0.6667,0.7647,0.7123
28,0.871,0.7941,0.8308
29,0.8333,0.8824,0.8571
30,0.7,0.6176,0.6562
31,0.8,0.8485,0.8235
32,0.8788,0.8788,0.8788
33,0.9655,0.8485,0.9032
34,0.9714,1.0,0.9855
35,0.8889,0.9697,0.9275
36,1.0,0.9394,0.9688
37,0.9,0.8438,0.871
38,0.7083,0.9714,0.8193
39,0.6207,0.5455,0.5806
40,0.8621,0.7576,0.8065
41,0.625,0.6061,0.6154
42,0.5769,0.4412,0.5
43,0.4,0.375,0.3871
44,0.9412,1.0,0.9697
45,1.0,0.9062,0.9508
46,0.9412,0.5,0.6531
47,0.6829,0.8485,0.7568
48,0.775,0.9118,0.8378
49,0.5385,0.6562,0.5915
