accuracy,loss,val_accuracy,val_loss,val_macro_f1,learning_rate
0.021290184929966927,3.9278109073638916,0.04124656319618225,3.8222124576568604,0.008154453710540794,0.0010000000474974513
0.03406429663300514,3.7600924968719482,0.0329972505569458,3.5943000316619873,0.0034537642808319504,0.0010000000474974513
0.04066425561904907,3.555302858352661,0.04307974502444267,3.4048149585723877,0.011523927045452367,0.0010000000474974513
0.06344474852085114,3.3877785205841064,0.07699358463287354,3.2560524940490723,0.03334651871151392,0.0010000000474974513
0.08068980276584625,3.2322874069213867,0.11457378417253494,3.1123900413513184,0.0618804502404947,0.0010000000474974513
0.0855865478515625,3.113300323486328,0.13840512931346893,2.985455274581909,0.08534096802825474,0.0010000000474974513
0.11283798515796661,2.9737496376037598,0.14482127130031586,2.8471550941467285,0.08466940442586023,0.0010000000474974513
0.1326378583908081,2.8939859867095947,0.1888176053762436,2.7542266845703125,0.1310958385467773,0.0010000000474974513
0.14711518585681915,2.812140703201294,0.21173235774040222,2.6368179321289062,0.14816711506443098,0.0010000000474974513
0.18479880690574646,2.6622157096862793,0.3061411678791046,2.3744497299194336,0.22563840950376146,0.0010000000474974513
0.23632106184959412,2.4344942569732666,0.32172319293022156,2.175558090209961,0.25789438177386725,0.0010000000474974513
0.27166277170181274,2.3020925521850586,0.3208065927028656,2.1143341064453125,0.24619613418131478,0.0010000000474974513
0.3050883412361145,2.1283974647521973,0.3730522394180298,1.9681084156036377,0.31312807700609996,0.0010000000474974513
0.3497977554798126,1.9604301452636719,0.42988085746765137,1.7747440338134766,0.37469825273871726,0.0010000000474974513
0.35682350397109985,1.9252302646636963,0.4619615077972412,1.7311639785766602,0.40116271473661386,0.0010000000474974513
0.40600383281707764,1.7178404331207275,0.494958758354187,1.5424408912658691,0.4398646373688084,0.0010000000474974513
0.4275069236755371,1.653501272201538,0.5022915005683899,1.5461736917495728,0.4509950659472887,0.0010000000474974513
0.4594421982765198,1.521781325340271,0.5297892093658447,1.50064218044281,0.4750283771829162,0.0010000000474974513
0.46923568844795227,1.5021672248840332,0.5481209754943848,1.4323691129684448,0.5024684264112181,0.0010000000474974513
0.5079838037490845,1.4136381149291992,0.5893675684928894,1.2623004913330078,0.5588860678352705,0.0010000000474974513
0.5224611163139343,1.3436139822006226,0.6159486770629883,1.2285387516021729,0.5869134780262386,0.0010000000474974513
0.5326804518699646,1.3040841817855835,0.5948671102523804,1.2722811698913574,0.565594500448898,0.0010000000474974513
0.5586544871330261,1.2068089246749878,0.6168652772903442,1.2360284328460693,0.5855384932524825,0.0010000000474974513
0.5748350024223328,1.1874476671218872,0.5976168513298035,1.1885851621627808,0.563127261895811,0.0010000000474974513
0.5771769285202026,1.1617323160171509,0.6489459276199341,1.0613187551498413,0.6140455161239644,0.0010000000474974513
0.6286991834640503,1.0484305620193481,0.6397800445556641,1.0602511167526245,0.6034829280205726,0.0010000000474974513
0.6152863502502441,1.044033408164978,0.6810265779495239,1.023989200592041,0.6599424826018832,0.0010000000474974513
0.6323184967041016,0.9989277720451355,0.6956920027732849,0.944787859916687,0.6660509018189928,0.0010000000474974513
0.6497764587402344,0.9574604034423828,0.6837763786315918,0.9556046724319458,0.6507483594262682,0.0010000000474974513
0.6610602736473083,0.9305647611618042,0.7341887950897217,0.8470780849456787,0.7104610881078885,0.0010000000474974513
0.6840536594390869,0.8713219165802002,0.6966086030006409,0.8928379416465759,0.6730005577776788,0.0010000000474974513
0.6766020655632019,0.8815988898277283,0.7314390540122986,0.8241261839866638,0.7150042966620107,0.0010000000474974513
0.6983180642127991,0.8235390782356262,0.7250229120254517,0.8338733911514282,0.7040569912542276,0.0010000000474974513
0.7038535475730896,0.7970811128616333,0.7186067700386047,0.8726319074630737,0.6905767190286712,0.0010000000474974513
0.7200340628623962,0.7670969367027283,0.7195233702659607,0.8134825825691223,0.6989457263172693,0.0010000000474974513
0.7151373028755188,0.7507562041282654,0.7131072282791138,0.9208564162254333,0.6982197232378595,0.0010000000474974513
0.7281243205070496,0.7503913044929504,0.7424381375312805,0.7772011160850525,0.7227369020706427,0.0010000000474974513
0.7391952276229858,0.7125009298324585,0.7442713379859924,0.7572499513626099,0.7215831421241756,0.0010000000474974513
0.748988687992096,0.6849022507667542,0.7607699632644653,0.7386463284492493,0.7430250193976113,0.0010000000474974513
0.7296146750450134,0.7225012183189392,0.7598533630371094,0.7349613904953003,0.7439773459411201,0.0010000000474974513
0.7511177062988281,0.6850684285163879,0.7433547377586365,0.759475588798523,0.7309006210711069,0.0010000000474974513
0.7438790798187256,0.658550500869751,0.7461044788360596,0.7326274514198303,0.7229016080099987,0.0010000000474974513
0.7690014839172363,0.6240602731704712,0.7387717962265015,0.7925770878791809,0.7114091870035248,0.0010000000474974513
0.7575047612190247,0.6419438123703003,0.7451878786087036,0.7986255884170532,0.7253248844702075,0.0010000000474974513
0.7798594832420349,0.5976587533950806,0.7543538212776184,0.7287228107452393,0.7370617153044994,0.0010000000474974513
0.7747498154640198,0.5897108912467957,0.7717690467834473,0.7031093239784241,0.7572024598876103,0.0010000000474974513
0.7807111144065857,0.5784897804260254,0.7552704215049744,0.735863208770752,0.736690974324087,0.0010000000474974513
0.7873110771179199,0.5707690715789795,0.7360219955444336,0.8109378218650818,0.7156320702496397,0.0010000000474974513
0.7870981693267822,0.5576794743537903,0.7671860456466675,0.7383800745010376,0.7510586756875793,0.0010000000474974513
0.7905045747756958,0.5668483972549438,0.7525206208229065,0.7756847739219666,0.740377921589689,0.0010000000474974513
0.7960399985313416,0.5427772998809814,0.7644363045692444,0.744520902633667,0.75631614643665,0.0010000000474974513
0.8179689049720764,0.4724453091621399,0.7836846709251404,0.6806647777557373,0.770644084023203,0.0005000000237487257
0.8269107937812805,0.4617064595222473,0.7836846709251404,0.7110758423805237,0.7783346332976425,0.0005000000237487257
0.8386204242706299,0.44116127490997314,0.7891842126846313,0.6781327724456787,0.7831908312257445,0.0005000000237487257
0.8373429775238037,0.43370434641838074,0.8001832962036133,0.6475350260734558,0.7967908406841314,0.0005000000237487257
0.8413881063461304,0.43834245204925537,0.7928506135940552,0.6781424283981323,0.7846206958995354,0.0005000000237487257
0.8464977741241455,0.4300353229045868,0.7864344716072083,0.7228516340255737,0.7770834430429169,0.0005000000237487257
0.8428784608840942,0.4187568426132202,0.7910174131393433,0.6839379668235779,0.77925312682279,0.0005000000237487257
0.8494783639907837,0.3972473740577698,0.8075160384178162,0.6638604998588562,0.801221272229185,0.0005000000237487257
0.8511816263198853,0.39463916420936584,0.7983501553535461,0.6420141458511353,0.790743390693451,0.0005000000237487257
0.8473493456840515,0.39735621213912964,0.8075160384178162,0.6421579718589783,0.8042825578018423,0.0005000000237487257
0.8437300324440002,0.4072411358356476,0.7992667555809021,0.6522323489189148,0.7952861826260578,0.0005000000237487257
0.8509687185287476,0.39109450578689575,0.7983501553535461,0.6150707006454468,0.7843997316918684,0.0005000000237487257
0.8601234555244446,0.39153191447257996,0.8075160384178162,0.5960535407066345,0.8026582664597616,0.0005000000237487257
0.856717050075531,0.38040775060653687,0.8001832962036133,0.6720983386039734,0.79507795533071,0.0005000000237487257
0.8520331978797913,0.3760906159877777,0.8010998964309692,0.651260256767273,0.7925547538629094,0.0005000000237487257
0.8477751612663269,0.3765642046928406,0.8001832962036133,0.6837137937545776,0.7902950985057703,0.0005000000237487257
0.8620396256446838,0.3512307107448578,0.7965169548988342,0.6528594493865967,0.7902211932098544,0.0005000000237487257
0.8518202900886536,0.3759904205799103,0.7846012711524963,0.7006490230560303,0.7737631610736402,0.0005000000237487257
0.8722589015960693,0.34626147150993347,0.7937672138214111,0.7060102224349976,0.7912660084803058,0.0002500000118743628
0.8728975653648376,0.3333846926689148,0.8010998964309692,0.6527221202850342,0.79555060288024,0.0002500000118743628
0.873323380947113,0.3351559638977051,0.8056828379631042,0.6495499610900879,0.8023215347190242,0.0002500000118743628
0.8805620670318604,0.3210398852825165,0.815765380859375,0.6413814425468445,0.8121576184181998,0.0002500000118743628
0.8760911226272583,0.31442445516586304,0.8047662973403931,0.648379921913147,0.8003758466224873,0.0002500000118743628
0.8792846202850342,0.32637453079223633,0.8075160384178162,0.6465808749198914,0.8044158650692005,0.0001250000059371814
0.8835427165031433,0.30509042739868164,0.8093492388725281,0.6431460976600647,0.8067825123875195,0.0001250000059371814
0.8822652697563171,0.29764968156814575,0.8130155801773071,0.6439419388771057,0.8096345273418141,0.0001250000059371814
0.8918458819389343,0.29180675745010376,0.8120989799499512,0.6443901062011719,0.8087349669222607,0.0001250000059371814
0.8854588270187378,0.3193621337413788,0.8111823797225952,0.6333553791046143,0.8079261076014681,0.0001250000059371814
0.88758784532547,0.2988448739051819,0.8130155801773071,0.6273374557495117,0.8093027868945452,6.25000029685907e-05
0.8888652324676514,0.299285888671875,0.8111823797225952,0.6232624053955078,0.8068017538507991,6.25000029685907e-05
0.8835427165031433,0.2955552041530609,0.8166819214820862,0.6303949356079102,0.8134064784130594,6.25000029685907e-05
0.8829039931297302,0.2943180501461029,0.82034832239151,0.6265940070152283,0.8165995045152309,6.25000029685907e-05
0.8850330114364624,0.29923883080482483,0.8175985217094421,0.6247984170913696,0.8144090819660025,6.25000029685907e-05
0.8924845457077026,0.29548537731170654,0.815765380859375,0.6194078922271729,0.8123781601404206,3.125000148429535e-05
0.8895039558410645,0.2997472882270813,0.815765380859375,0.6217511892318726,0.8125292721224876,3.125000148429535e-05
0.8880136013031006,0.300334095954895,0.8139321804046631,0.6231844425201416,0.8107192823293423,3.125000148429535e-05
0.8837555646896362,0.3001100718975067,0.8130155801773071,0.6286780834197998,0.8097279614945827,3.125000148429535e-05
0.8878007531166077,0.2934335470199585,0.8175985217094421,0.6313053369522095,0.8139815334108748,3.125000148429535e-05
0.896742582321167,0.28749990463256836,0.815765380859375,0.6293502449989319,0.8119462366991391,1.5625000742147677e-05
0.8865233063697815,0.29544416069984436,0.8130155801773071,0.6304588913917542,0.8091099204834826,1.5625000742147677e-05
0.892910361289978,0.2814668118953705,0.8166819214820862,0.6293538808822632,0.813221494341262,1.5625000742147677e-05
0.8933361768722534,0.2795054018497467,0.8120989799499512,0.6282321810722351,0.8087309902091196,1.5625000742147677e-05
0.8860974907875061,0.30073779821395874,0.8130155801773071,0.6299096941947937,0.8094729464720427,1.5625000742147677e-05
0.8892910480499268,0.2889091968536377,0.8130155801773071,0.6286114454269409,0.8096023589067224,9.999999747378752e-06
0.8963168263435364,0.2745707631111145,0.814848780632019,0.6279586553573608,0.8113916931960864,9.999999747378752e-06
0.8922716379165649,0.28671029210090637,0.8120989799499512,0.6277185678482056,0.8086151580440847,9.999999747378752e-06
0.8871620297431946,0.29414689540863037,0.814848780632019,0.6267207860946655,0.810699079792456,9.999999747378752e-06
