class_id,uri,media_type
ISL_001,,
ISL_002,,
ISL_003,,
ISL_004,,
ISL_005,,
ISL_006,,
ISL_007,,
ISL_008,,
ISL_009,,
ISL_010,,
ISL_011,,
ISL_012,,
ISL_013,,
ISL_014,,
ISL_015,,
ISL_016,,
ISL_017,,
ISL_018,,
ISL_019,,
ISL_020,,
ISL_021,,
ISL_022,,
ISL_023,,
ISL_024,,
ISL_025,,
ISL_026,,
ISL_027,,
ISL_028,,
ISL_029,,
ISL_030,,
ISL_031,,
ISL_032,,
ISL_033,,
ISL_034,,
ISL_035,,
ISL_036,,
ISL_037,,
ISL_038,,
ISL_039,,
ISL_040,,
ISL_041,,
ISL_042,,
ISL_043,,
ISL_044,,
ISL_045,,
ISL_046,,
ISL_047,,
ISL_048,,
ISL_049,,
ISL_050,,
